time_h,renewable_power_kw,baseline_electrolyzer_power_kw,optimized_electrolyzer_power_kw,hydrogen_demand_kg_h
0.0,0.0,0.0,0.0,0.7
0.016666666666666666,0.0,0.0,0.0,0.7
0.03333333333333333,0.0,0.0,0.0,0.7
0.05,0.0,0.0,0.0,0.7
0.06666666666666667,0.0,0.0,0.0,0.7
0.08333333333333333,0.0,0.0,0.0,0.7
0.1,0.0,0.0,0.0,0.7
0.11666666666666667,0.0,0.0,0.0,0.7
0.13333333333333333,0.0,0.0,0.0,0.7
0.15,0.0,0.0,0.0,0.7
0.16666666666666666,0.0,0.0,0.0,0.7
0.18333333333333332,0.0,0.0,0.0,0.7
0.2,0.0,0.0,0.0,0.7
0.21666666666666667,0.0,0.0,0.0,0.7
0.23333333333333334,0.0,0.0,0.0,0.7
0.25,0.0,0.0,0.0,0.7
0.26666666666666666,0.0,0.0,0.0,0.7
0.2833333333333333,0.0,0.0,0.0,0.7
0.3,0.0,0.0,0.0,0.7
0.31666666666666665,0.0,0.0,0.0,0.7
0.3333333333333333,0.0,0.0,0.0,0.7
0.35,0.0,0.0,0.0,0.7
0.36666666666666664,0.0,0.0,0.0,0.7
0.3833333333333333,0.0,0.0,0.0,0.7
0.4,0.0,0.0,0.0,0.7
0.4166666666666667,0.0,0.0,0.0,0.7
0.43333333333333335,0.0,0.0,0.0,0.7
0.45,0.0,0.0,0.0,0.7
0.4666666666666667,0.0,0.0,0.0,0.7
0.48333333333333334,0.0,0.0,0.0,0.7
0.5,0.0,0.0,0.0,0.7
0.5166666666666666,0.0,0.0,0.0,0.7
0.5333333333333333,0.0,0.0,0.0,0.7
0.55,0.0,0.0,0.0,0.7
0.5666666666666667,0.0,0.0,0.0,0.7
0.5833333333333334,0.0,0.0,0.0,0.7
0.6,0.0,0.0,0.0,0.7
0.6166666666666667,0.0,0.0,0.0,0.7
0.6333333333333333,0.0,0.0,0.0,0.7
0.65,0.0,0.0,0.0,0.7
0.6666666666666666,0.0,0.0,0.0,0.7
0.6833333333333333,0.0,0.0,0.0,0.7
0.7,0.0,0.0,0.0,0.7
0.7166666666666667,0.0,0.0,0.0,0.7
0.7333333333333333,0.0,0.0,0.0,0.7
0.75,0.0,0.0,0.0,0.7
0.7666666666666666,0.0,0.0,0.0,0.7
0.7833333333333333,0.0,0.0,0.0,0.7
0.8,0.0,0.0,0.0,0.7
0.8166666666666667,0.0,0.0,0.0,0.7
0.8333333333333334,0.0,0.0,0.0,0.7
0.85,0.0,0.0,0.0,0.7
0.8666666666666667,0.0,0.0,0.0,0.7
0.8833333333333333,0.0,0.0,0.0,0.7
0.9,0.0,0.0,0.0,0.7
0.9166666666666666,0.0,0.0,0.0,0.7
0.9333333333333333,0.0,0.0,0.0,0.7
0.95,0.0,0.0,0.0,0.7
0.9666666666666667,0.0,0.0,0.0,0.7
0.9833333333333333,0.0,0.0,0.0,0.7
1.0,0.0,0.0,0.0,0.7
1.0166666666666666,0.0,0.0,0.0,0.7
1.0333333333333332,0.0,0.0,0.0,0.7
1.05,0.0,0.0,0.0,0.7
1.0666666666666667,0.0,0.0,0.0,0.7
1.0833333333333333,0.0,0.0,0.0,0.7
1.1,0.0,0.0,0.0,0.7
1.1166666666666667,0.0,0.0,0.0,0.7
1.1333333333333333,0.0,0.0,0.0,0.7
1.15,0.0,0.0,0.0,0.7
1.1666666666666667,0.0,0.0,0.0,0.7
1.1833333333333333,0.0,0.0,0.0,0.7
1.2,0.0,0.0,0.0,0.7
1.2166666666666666,0.0,0.0,0.0,0.7
1.2333333333333334,0.0,0.0,0.0,0.7
1.25,0.0,0.0,0.0,0.7
1.2666666666666666,0.0,0.0,0.0,0.7
1.2833333333333332,0.0,0.0,0.0,0.7
1.3,0.0,0.0,0.0,0.7
1.3166666666666667,0.0,0.0,0.0,0.7
1.3333333333333333,0.0,0.0,0.0,0.7
1.35,0.0,0.0,0.0,0.7
1.3666666666666667,0.0,0.0,0.0,0.7
1.3833333333333333,0.0,0.0,0.0,0.7
1.4,0.0,0.0,0.0,0.7
1.4166666666666667,0.0,0.0,0.0,0.7
1.4333333333333333,0.0,0.0,0.0,0.7
1.45,0.0,0.0,0.0,0.7
1.4666666666666666,0.0,0.0,0.0,0.7
1.4833333333333334,0.0,0.0,0.0,0.7
1.5,0.0,0.0,0.0,0.7
1.5166666666666666,0.0,0.0,0.0,0.7
1.5333333333333332,0.0,0.0,0.0,0.7
1.55,0.0,0.0,0.0,0.7
1.5666666666666667,0.0,0.0,0.0,0.7
1.5833333333333333,0.0,0.0,0.0,0.7
1.6,0.0,0.0,0.0,0.7
1.6166666666666667,0.0,0.0,0.0,0.7
1.6333333333333333,0.0,0.0,0.0,0.7
1.65,0.0,0.0,0.0,0.7
1.6666666666666667,0.0,0.0,0.0,0.7
1.6833333333333333,0.0,0.0,0.0,0.7
1.7,0.0,0.0,0.0,0.7
1.7166666666666666,0.0,0.0,0.0,0.7
1.7333333333333334,0.0,0.0,0.0,0.7
1.75,0.0,0.0,0.0,0.7
1.7666666666666666,0.0,0.0,0.0,0.7
1.7833333333333332,0.0,0.0,0.0,0.7
1.8,0.0,0.0,0.0,0.7
1.8166666666666667,0.0,0.0,0.0,0.7
1.8333333333333333,0.0,0.0,0.0,0.7
1.8499999999999999,0.0,0.0,0.0,0.7
1.8666666666666667,0.0,0.0,0.0,0.7
1.8833333333333333,0.0,0.0,0.0,0.7
1.9,0.0,0.0,0.0,0.7
1.9166666666666667,0.0,0.0,0.0,0.7
1.9333333333333333,0.0,0.0,0.0,0.7
1.95,0.0,0.0,0.0,0.7
1.9666666666666666,0.0,0.0,0.0,0.7
1.9833333333333334,0.0,0.0,0.0,0.7
2.0,0.0,0.0,0.0,0.7
2.0166666666666666,0.0,0.0,0.0,0.7
2.033333333333333,0.0,0.0,0.0,0.7
2.05,0.0,0.0,0.0,0.7
2.0666666666666664,0.0,0.0,0.0,0.7
2.0833333333333335,0.0,0.0,0.0,0.7
2.1,0.0,0.0,0.0,0.7
2.1166666666666667,0.0,0.0,0.0,0.7
2.1333333333333333,0.0,0.0,0.0,0.7
2.15,0.0,0.0,0.0,0.7
2.1666666666666665,0.0,0.0,0.0,0.7
2.183333333333333,0.0,0.0,0.0,0.7
2.2,0.0,0.0,0.0,0.7
2.216666666666667,0.0,0.0,0.0,0.7
2.2333333333333334,0.0,0.0,0.0,0.7
2.25,0.0,0.0,0.0,0.7
2.2666666666666666,0.0,0.0,0.0,0.7
2.283333333333333,0.0,0.0,0.0,0.7
2.3,0.0,0.0,0.0,0.7
2.3166666666666664,0.0,0.0,0.0,0.7
2.3333333333333335,0.0,0.0,0.0,0.7
2.35,0.0,0.0,0.0,0.7
2.3666666666666667,0.0,0.0,0.0,0.7
2.3833333333333333,0.0,0.0,0.0,0.7
2.4,0.0,0.0,0.0,0.7
2.4166666666666665,0.0,0.0,0.0,0.7
2.433333333333333,0.0,0.0,0.0,0.7
2.45,0.0,0.0,0.0,0.7
2.466666666666667,0.0,0.0,0.0,0.7
2.4833333333333334,0.0,0.0,0.0,0.7
2.5,0.0,0.0,0.0,0.7
2.5166666666666666,0.0,0.0,0.0,0.7
2.533333333333333,0.0,0.0,0.0,0.7
2.55,0.0,0.0,0.0,0.7
2.5666666666666664,0.0,0.0,0.0,0.7
2.5833333333333335,0.0,0.0,0.0,0.7
2.6,0.0,0.0,0.0,0.7
2.6166666666666667,0.0,0.0,0.0,0.7
2.6333333333333333,0.0,0.0,0.0,0.7
2.65,0.0,0.0,0.0,0.7
2.6666666666666665,0.0,0.0,0.0,0.7
2.683333333333333,0.0,0.0,0.0,0.7
2.7,0.0,0.0,0.0,0.7
2.716666666666667,0.0,0.0,0.0,0.7
2.7333333333333334,0.0,0.0,0.0,0.7
2.75,0.0,0.0,0.0,0.7
2.7666666666666666,0.0,0.0,0.0,0.7
2.783333333333333,0.0,0.0,0.0,0.7
2.8,0.0,0.0,0.0,0.7
2.8166666666666664,0.0,0.0,0.0,0.7
2.8333333333333335,0.0,0.0,0.0,0.7
2.85,0.0,0.0,0.0,0.7
2.8666666666666667,0.0,0.0,0.0,0.7
2.8833333333333333,0.0,0.0,0.0,0.7
2.9,0.0,0.0,0.0,0.7
2.9166666666666665,0.0,0.0,0.0,0.7
2.933333333333333,0.0,0.0,0.0,0.7
2.95,0.0,0.0,0.0,0.7
2.966666666666667,0.0,0.0,0.0,0.7
2.9833333333333334,0.0,0.0,0.0,0.7
3.0,0.0,0.0,0.0,0.7
3.0166666666666666,0.0,0.0,0.0,0.7
3.033333333333333,0.0,0.0,0.0,0.7
3.05,0.0,0.0,0.0,0.7
3.0666666666666664,0.0,0.0,0.0,0.7
3.0833333333333335,0.0,0.0,0.0,0.7
3.1,0.0,0.0,0.0,0.7
3.1166666666666667,0.0,0.0,0.0,0.7
3.1333333333333333,0.0,0.0,0.0,0.7
3.15,0.0,0.0,0.0,0.7
3.1666666666666665,0.0,0.0,0.0,0.7
3.183333333333333,0.0,0.0,0.0,0.7
3.2,0.0,0.0,0.0,0.7
3.216666666666667,0.0,0.0,0.0,0.7
3.2333333333333334,0.0,0.0,0.0,0.7
3.25,0.0,0.0,0.0,0.7
3.2666666666666666,0.0,0.0,0.0,0.7
3.283333333333333,0.0,0.0,0.0,0.7
3.3,0.0,0.0,0.0,0.7
3.3166666666666664,0.0,0.0,0.0,0.7
3.3333333333333335,0.0,0.0,0.0,0.7
3.35,0.0,0.0,0.0,0.7
3.3666666666666667,0.0,0.0,0.0,0.7
3.3833333333333333,0.0,0.0,0.0,0.7
3.4,0.0,0.0,0.0,0.7
3.4166666666666665,0.0,0.0,0.0,0.7
3.433333333333333,0.0,0.0,0.0,0.7
3.4499999999999997,0.0,0.0,0.0,0.7
3.466666666666667,0.0,0.0,0.0,0.7
3.4833333333333334,0.0,0.0,0.0,0.7
3.5,0.0,0.0,0.0,0.7
3.5166666666666666,0.0,0.0,0.0,0.7
3.533333333333333,0.0,0.0,0.0,0.7
3.55,0.0,0.0,0.0,0.7
3.5666666666666664,0.0,0.0,0.0,0.7
3.5833333333333335,0.0,0.0,0.0,0.7
3.6,0.0,0.0,0.0,0.7
3.6166666666666667,0.0,0.0,0.0,0.7
3.6333333333333333,0.0,0.0,0.0,0.7
3.65,0.0,0.0,0.0,0.7
3.6666666666666665,0.0,0.0,0.0,0.7
3.683333333333333,0.0,0.0,0.0,0.7
3.6999999999999997,0.0,0.0,0.0,0.7
3.716666666666667,0.0,0.0,0.0,0.7
3.7333333333333334,0.0,0.0,0.0,0.7
3.75,0.0,0.0,0.0,0.7
3.7666666666666666,0.0,0.0,0.0,0.7
3.783333333333333,0.0,0.0,0.0,0.7
3.8,0.0,0.0,0.0,0.7
3.8166666666666664,0.0,0.0,0.0,0.7
3.8333333333333335,0.0,0.0,0.0,0.7
3.85,0.0,0.0,0.0,0.7
3.8666666666666667,0.0,0.0,0.0,0.7
3.8833333333333333,0.0,0.0,0.0,0.7
3.9,0.0,0.0,0.0,0.7
3.9166666666666665,0.0,0.0,0.0,0.7
3.933333333333333,0.0,0.0,0.0,0.7
3.9499999999999997,0.0,0.0,0.0,0.7
3.966666666666667,0.0,0.0,0.0,0.7
3.9833333333333334,0.0,0.0,0.0,0.7
4.0,0.0,0.0,0.0,0.7
4.016666666666667,0.0,0.0,0.0,0.7
4.033333333333333,0.0,0.0,0.0,0.7
4.05,0.0,0.0,0.0,0.7
4.066666666666666,0.0,0.0,0.0,0.7
4.083333333333333,0.0,0.0,0.0,0.7
4.1,0.0,0.0,0.0,0.7
4.116666666666666,0.0,0.0,0.0,0.7
4.133333333333333,0.0,0.0,0.0,0.7
4.15,0.0,0.0,0.0,0.7
4.166666666666667,0.0,0.0,0.0,0.7
4.183333333333334,0.0,0.0,0.0,0.7
4.2,0.0,0.0,0.0,0.7
4.216666666666667,0.0,0.0,0.0,0.7
4.233333333333333,0.0,0.0,0.0,0.7
4.25,0.0,0.0,0.0,0.7
4.266666666666667,0.0,0.0,0.0,0.7
4.283333333333333,0.0,0.0,0.0,0.7
4.3,0.0,0.0,0.0,0.7
4.316666666666666,0.0,0.0,0.0,0.7
4.333333333333333,0.0,0.0,0.0,0.7
4.35,0.0,0.0,0.0,0.7
4.366666666666666,0.0,0.0,0.0,0.7
4.383333333333333,0.0,0.0,0.0,0.7
4.4,0.0,0.0,0.0,0.7
4.416666666666667,0.0,0.0,0.0,0.7
4.433333333333334,0.0,0.0,0.0,0.7
4.45,0.0,0.0,0.0,0.7
4.466666666666667,0.0,0.0,0.0,0.7
4.483333333333333,0.0,0.0,0.0,0.7
4.5,0.0,0.0,0.0,0.7
4.516666666666667,0.0,0.0,0.0,0.7
4.533333333333333,0.0,0.0,0.0,0.7
4.55,0.0,0.0,0.0,0.7
4.566666666666666,0.0,0.0,0.0,0.7
4.583333333333333,0.0,0.0,0.0,0.7
4.6,0.0,0.0,0.0,0.7
4.616666666666666,0.0,0.0,0.0,0.7
4.633333333333333,0.0,0.0,0.0,0.7
4.65,0.0,0.0,0.0,0.7
4.666666666666667,0.0,0.0,0.0,0.7
4.683333333333334,0.0,0.0,0.0,0.7
4.7,0.0,0.0,0.0,0.7
4.716666666666667,0.0,0.0,0.0,0.7
4.733333333333333,0.0,0.0,0.0,0.7
4.75,0.0,0.0,0.0,0.7
4.766666666666667,0.0,0.0,0.0,0.7
4.783333333333333,0.0,0.0,0.0,0.7
4.8,0.0,0.0,0.0,0.7
4.816666666666666,0.0,0.0,0.0,0.7
4.833333333333333,0.0,0.0,0.0,0.7
4.85,0.0,0.0,0.0,0.7
4.866666666666666,0.0,0.0,0.0,0.7
4.883333333333333,0.0,0.0,0.0,0.7
4.9,0.0,0.0,0.0,0.7
4.916666666666667,0.0,0.0,0.0,0.7
4.933333333333334,0.0,0.0,0.0,0.7
4.95,0.0,0.0,0.0,0.7
4.966666666666667,0.0,0.0,0.0,0.7
4.983333333333333,0.0,0.0,0.0,0.7
5.0,0.0,0.0,0.0,0.7
5.016666666666667,0.0,0.0,0.0,0.7
5.033333333333333,0.0,0.0,0.0,0.7
5.05,0.0,0.0,0.0,0.7
5.066666666666666,0.0,0.0,0.0,0.7
5.083333333333333,0.0,0.0,0.0,0.7
5.1,0.0,0.0,0.0,0.7
5.116666666666666,0.0,0.0,0.0,0.7
5.133333333333333,0.0,0.0,0.0,0.7
5.15,0.0,0.0,0.0,0.7
5.166666666666667,0.0,0.0,0.0,0.7
5.183333333333334,0.0,0.0,0.0,0.7
5.2,0.0,0.0,0.0,0.7
5.216666666666667,0.0,0.0,0.0,0.7
5.233333333333333,0.0,0.0,0.0,0.7
5.25,0.0,0.0,0.0,0.7
5.266666666666667,0.0,0.0,0.0,0.7
5.283333333333333,0.0,0.0,0.0,0.7
5.3,0.0,0.0,0.0,0.7
5.316666666666666,0.0,0.0,0.0,0.7
5.333333333333333,0.0,0.0,0.0,0.7
5.35,0.0,0.0,0.0,0.7
5.366666666666666,0.0,0.0,0.0,0.7
5.383333333333333,0.0,0.0,0.0,0.7
5.4,0.0,0.0,0.0,0.7
5.416666666666667,0.0,0.0,0.0,0.7
5.433333333333334,0.0,0.0,0.0,0.7
5.45,0.0,0.0,0.0,0.7
5.466666666666667,0.0,0.0,0.0,0.7
5.483333333333333,0.0,0.0,0.0,0.7
5.5,0.0,0.0,0.0,0.7
5.516666666666667,0.0,0.0,0.0,0.7
5.533333333333333,0.0,0.0,0.0,0.7
5.55,0.0,0.0,0.0,0.7
5.566666666666666,0.0,0.0,0.0,0.7
5.583333333333333,0.0,0.0,0.0,0.7
5.6,0.0,0.0,0.0,0.7
5.616666666666666,0.0,0.0,0.0,0.7
5.633333333333333,0.0,0.0,0.0,0.7
5.65,0.0,0.0,0.0,0.7
5.666666666666667,0.0,0.0,0.0,0.7
5.683333333333334,0.0,0.0,0.0,0.7
5.7,0.0,0.0,0.0,0.7
5.716666666666667,0.0,0.0,0.0,0.7
5.733333333333333,0.0,0.0,0.0,0.7
5.75,0.0,0.0,0.0,0.7
5.766666666666667,0.0,0.0,0.0,0.7
5.783333333333333,0.0,0.0,0.0,0.7
5.8,0.0,0.0,0.0,0.7
5.816666666666666,0.0,0.0,0.0,0.7
5.833333333333333,0.0,0.0,0.0,0.7
5.85,0.0,0.0,0.0,0.7
5.866666666666666,0.0,0.0,0.0,0.7
5.883333333333333,0.0,0.0,0.0,0.7
5.9,0.0,0.0,0.0,0.7
5.916666666666667,0.0,0.0,0.0,0.7
5.933333333333334,0.0,0.0,0.0,0.7
5.95,0.0,0.0,0.0,0.7
5.966666666666667,0.0,0.0,0.0,0.7
5.983333333333333,0.0,0.0,0.0,0.7
6.0,0.0,0.0,0.0,0.7
6.016666666666667,0.009720468493463344,0.0,0.009720468493463325,0.7
6.033333333333333,0.03158138422908832,0.0,0.031581384229088315,0.7
6.05,0.06291795352027536,0.0,0.0629179535202711,0.7
6.066666666666666,0.10260157825857305,0.0,0.10260157825856814,0.7
6.083333333333333,0.14992704405698803,0.0,0.14992704405698573,0.7
6.1,0.204391262457389,0.0,0.2043912624573868,0.7
6.116666666666666,0.265608159090473,0.0,0.2656081590904717,0.7
6.133333333333333,0.33326720454039815,0.0,0.3332672045403972,0.7
6.15,0.4071102502498417,0.0,0.40711025024984077,0.7
6.166666666666667,0.4869173556067117,0.0,0.4869173556067093,0.7
6.183333333333334,0.5724975281873743,0.0,0.5724975281873743,0.7
6.2,0.6636823654373928,0.0,0.6636823654373912,0.7
6.216666666666667,0.7603215145617914,0.0,0.7603215145617904,0.7
6.233333333333333,0.8622793266477802,0.0,0.8622793266477787,0.7
6.25,0.9694323257398073,0.0,0.9694323257398068,0.7
6.266666666666667,1.0816672519698707,0.0,1.0816672519698705,0.7
6.283333333333333,1.1988795200295492,0.0,1.1988795200295486,0.7
6.3,1.3209719851185175,0.0,1.3209719851185175,0.7
6.316666666666666,1.4478539410804026,0.0,1.4478539410804026,0.7
6.333333333333333,1.5794402969428916,0.0,1.5794402969428905,0.7
6.35,1.7156508926530492,0.0,1.7156508926530492,0.7
6.366666666666666,1.8564099249050696,0.0,1.8564099249050696,0.7
6.383333333333333,2.001645461110188,0.0,2.0016454611101877,0.7
6.4,2.151289024713541,0.0,2.151289024713541,0.7
6.416666666666667,2.3052752388394637,0.0,2.3052752388394633,0.7
6.433333333333334,2.4635415180550275,0.0,2.463541518055027,0.7
6.45,2.626027800157611,0.0,2.62602780015761,0.7
6.466666666666667,2.792676311506993,0.0,2.792676311506992,0.7
6.483333333333333,2.9634313606678884,0.0,2.963431360667888,0.7
6.5,3.1382391560997815,0.0,3.1382391560997807,0.7
6.516666666666667,3.317047644395062,0.0,3.3170476443950614,0.7
6.533333333333333,3.49980636617306,0.0,3.499806366173059,0.7
6.55,3.686466327223231,0.0,3.6864663272232305,0.7
6.566666666666666,3.876979882882412,0.0,3.876979882882412,0.7
6.583333333333333,4.071300633949272,0.0,4.07130063394927,0.7
6.6,4.269383332699298,0.0,4.269383332699298,0.7
6.616666666666666,4.471183797777803,0.0,4.471183797777803,0.7
6.633333333333333,4.676658836925646,0.0,4.676658836925646,0.7
6.6499999999999995,4.885766176639959,0.0,4.885766176639959,0.7
6.666666666666667,5.098464397995524,0.0,5.098464397995524,0.7
6.683333333333334,5.314712877956229,0.0,5.314712877956229,0.7
6.7,5.534471735593854,0.0,5.534471735593854,0.7
6.716666666666667,5.7577017827055,0.0,5.7577017827055,0.7
6.733333333333333,5.984364478384645,0.0,5.984364478384645,0.7
6.75,6.214421887154857,0.0,6.214421887154857,0.7
6.766666666666667,6.447836640321762,0.0,6.447836640321762,0.7
6.783333333333333,6.684571900238962,0.0,6.684571900238962,0.7
6.8,6.9245913272183035,0.0,6.9245913272183035,0.7
6.816666666666666,7.167859048844942,0.0,7.167859048844942,0.7
6.833333333333333,7.414339631483833,0.0,7.414339631483833,0.7
6.85,7.663998053787156,0.0,7.663998053787156,0.7
6.866666666666666,7.916799682032124,0.0,7.916799682032124,0.7
6.883333333333333,8.172710247136257,0.0,8.172710247136257,0.7
6.8999999999999995,8.43169582321257,0.0,8.43169582321257,0.7
6.916666666666667,8.693722807540833,0.0,8.693722807540833,0.7
6.933333333333334,8.958757901843,0.0,8.958757901843,0.7
6.95,9.226768094761843,0.0,9.226768094761843,0.7
6.966666666666667,9.497720645450904,0.0,9.497720645450904,0.7
6.983333333333333,9.771583068192784,0.0,9.771583068192784,0.7
7.0,10.048323117970048,10.048323117970048,1.6854454762795879,0.7
7.016666666666667,10.327908776919816,10.327908776919816,1.9813393989612067,0.7
7.033333333333333,10.61030824160927,10.61030824160927,2.280047127382505,0.7
7.05,10.895489911074598,10.895489911074598,2.5815370605796795,0.7
7.066666666666666,11.183422375570794,11.183422375570794,2.8857777888077227,0.7
7.083333333333333,11.474074405984254,11.474074405984254,3.192738082953028,0.7
7.1,11.767414943863857,11.767414943863857,3.5023868845644754,0.7
7.116666666666666,12.063413092029993,12.063413092029993,3.8114316437160856,0.7
7.133333333333333,12.362038105724176,12.362038105724176,4.126364921142116,0.7
7.1499999999999995,12.6632593842647,12.6632593842647,0.3426203367977785,0.7
7.166666666666667,12.967046463176752,12.967046463176752,0.3579733955374517,0.7
7.183333333333334,13.273369006767407,13.273369006767407,0.37349198079043905,0.7
7.2,13.58219680111874,13.58219680111874,0.3890907996870863,0.7
7.216666666666667,13.89349974747345,13.89349974747345,0.404768384762029,0.7
7.233333333333333,14.207247855990179,14.207247855990179,0.420690913439364,0.7
7.25,14.52341123984666,14.52341123984666,0.4366054692177292,0.7
7.266666666666667,14.841960109670731,14.841960109670731,0.45282853221855823,0.7
7.283333333333333,15.162864768280555,15.162864768280555,0.46897424891875517,0.7
7.3,15.486095605716718,15.486095605716718,0.4852752883973946,0.7
7.316666666666666,15.81162309454996,15.81162309454996,0.501663737910392,0.7
7.333333333333333,16.139417785449613,16.139417785449613,0.5181872881332108,0.7
7.35,16.4694503029985,16.4694503029985,0.5348618535227503,0.7
7.366666666666666,16.801691341741325,16.801691341741325,0.5516686586352935,0.7
7.383333333333333,17.136111662454145,17.136111662454145,0.5685571514340128,0.7
7.3999999999999995,17.47268208862351,17.47268208862351,0.584571420977928,0.7
7.416666666666667,17.811373503124486,17.811373503124486,0.5981840049217912,0.7
7.433333333333334,18.152156845087347,18.152156845087347,0.6258651763024172,0.7
7.45,18.495003106943805,18.495003106943805,0.6675176054117667,0.7
7.466666666666667,18.83988333164348,18.83988333164348,0.7099811338838351,0.7
7.483333333333333,19.18676861003254,19.18676861003254,0.9114114525494942,0.7
7.5,19.535630078386575,19.535630078386575,1.3019893569324794,0.7
7.516666666666667,19.886438916090306,19.886438916090306,1.6870182825359268,0.7
7.533333333333333,20.239166343457242,20.239166343457242,2.0814621459317895,0.7
7.55,20.59378361968266,20.59378361968266,2.473561162803287,0.7
7.566666666666666,20.950262040923747,20.950262040923747,2.871756020073301,0.7
7.583333333333333,21.30857293850116,21.30857293850116,3.2675486582968047,0.7
7.6,21.668687677216347,21.668687677216347,3.665145137658076,0.7
7.616666666666666,22.030577653779567,22.030577653779567,4.06777850761375,0.7
7.633333333333333,22.394214295343705,22.394214295343705,4.473131585206818,0.7
7.6499999999999995,22.75956905813903,22.75956905813903,4.875968088648238,0.7
7.666666666666667,23.12661342620483,23.12661342620483,5.284728892742986,0.7
7.683333333333334,23.495318910213314,23.495318910213314,5.690916117397532,0.7
7.7,23.865657046382445,23.865657046382445,6.0954743414663906,0.7
7.716666666666667,24.237599395473254,24.237599395473254,6.504898431203274,0.7
7.733333333333333,24.611117541868616,24.611117541868616,6.920133013627575,0.7
7.75,24.98618309272992,24.98618309272992,7.332680305134978,0.7
7.766666666666667,25.36276767722836,25.36276767722836,7.742511934896633,0.7
7.783333333333333,25.740842945847962,25.740842945847962,8.158068944162324,0.7
7.8,26.120380569757323,26.120380569757323,8.575088308717785,0.7
7.816666666666666,26.501352240247368,26.501352240247368,9.079845290437996,0.7
7.833333333333333,26.883729668232487,26.883729668232487,9.496295023367297,0.7
7.85,27.26748458381256,27.26748458381256,9.9132969842106,0.7
7.866666666666666,27.652588735893463,27.652588735893463,10.419827829969101,0.7
7.883333333333333,28.039013891863867,28.039013891863867,11.260318271657578,0.7
7.8999999999999995,28.42673183732601,28.42673183732601,11.676209305844955,0.7
7.916666666666667,28.815714375878603,28.815714375878603,12.094258805051993,0.7
7.933333333333334,29.20593332894958,29.20593332894958,12.513198202045027,0.7
7.95,29.597360535677232,29.597360535677232,12.946356629282135,0.7
7.966666666666667,29.989967852837516,29.989967852837516,13.37733558532262,0.7
7.983333333333333,30.38372715481602,30.38372715481602,13.802948499202707,0.7
8.0,30.7786103336229,30.7786103336229,9.695741239594398,0.875
8.016666666666666,31.17458929894931,31.17458929894931,11.134965090226281,0.875
8.033333333333333,31.57163597826365,31.57163597826365,11.91872069487626,0.875
8.05,31.969722316946132,31.969722316946132,12.674804906474142,0.875
8.066666666666666,32.36882027846061,32.36882027846061,13.116106822570591,0.875
8.083333333333334,32.768901844562215,32.768901844562215,13.554019401778573,0.875
8.1,33.16993901553893,33.16993901553893,13.9890859303088,0.875
8.116666666666667,33.571903810487136,33.571903810487136,14.42723872490019,0.875
8.133333333333333,33.97476826761849,33.97476826761849,14.871588682381972,0.875
8.15,34.37850444459837,34.37850444459837,15.31601422595595,0.875
8.166666666666666,34.78308441891358,34.78308441891358,18.538273409747752,0.875
8.183333333333334,35.18848028826941,35.18848028826941,18.977890694558674,0.875
8.2,35.5946641710139,35.5946641710139,19.41840397339334,0.875
8.216666666666667,36.0016082065896,36.0016082065896,19.849906253762594,0.875
8.233333333333333,36.40928455601053,36.40928455601053,20.287392909232764,0.875
8.25,36.81766540236488,36.81766540236488,20.713344057531152,0.875
8.266666666666666,37.226722951341074,37.226722951341074,21.150887712706304,0.875
8.283333333333333,37.636429431778,37.636429431778,21.587129334705065,0.875
8.3,38.04675709623692,38.04675709623692,22.03682366297047,0.875
8.316666666666666,38.45767822159574,38.45767822159574,22.47152050237821,0.875
8.333333333333334,38.86916510966418,38.86916510966418,22.899831404239844,0.875
8.35,39.281190087818736,39.281190087818736,23.337819172437523,0.875
8.366666666666667,39.69372550965806,39.69372550965806,23.780341314349105,0.875
8.383333333333333,40.10674375567642,40.10674375567642,24.231020710789046,0.875
8.4,40.52021723395614,40.52021723395614,24.662508957529816,0.875
8.416666666666666,40.934118380877024,40.934118380877024,25.10193578437181,0.875
8.433333333333334,41.34841966184356,41.34841966184356,25.53069144654387,0.875
8.45,41.76309357202771,41.76309357202771,25.973704356285182,0.875
8.466666666666667,42.17811263712848,42.17811263712848,26.415448488711835,0.875
8.483333333333333,42.59344941414603,42.59344941414603,26.85772818629056,0.875
8.5,43.00907649217125,43.00907649217125,27.302124740957492,0.875
8.516666666666666,43.42496649318899,43.42496649318899,27.73177947699036,0.875
8.533333333333333,43.84109207289574,43.84109207289574,37.56753775029877,0.875
8.55,44.25742592152999,44.25742592152999,37.98679136455122,0.875
8.566666666666666,44.673940764715844,44.673940764715844,38.412883231565054,0.875
8.583333333333334,45.09060936431896,45.09060936431896,45.09060936431896,0.875
8.6,45.50740451931405,45.50740451931405,45.50740451931405,0.875
8.616666666666667,45.924299066664545,45.924299066664545,45.924299066664545,0.875
8.633333333333333,46.34126588221261,46.34126588221261,46.34126588221261,0.875
8.65,46.758277881580526,46.758277881580526,46.758277881580526,0.875
8.666666666666666,47.17530802108172,47.17530802108172,47.17530802108172,0.875
8.683333333333334,47.59232929864227,47.59232929864227,47.59232929864227,0.875
8.7,48.009314754731484,48.009314754731484,48.009314754731484,0.875
8.716666666666667,48.42623747330202,48.42623747330202,48.42623747330202,0.875
8.733333333333333,48.8430705827384,48.8430705827384,48.8430705827384,0.875
8.75,49.259787256814555,49.259787256814555,49.259787256814555,0.875
8.766666666666666,49.67636071565876,49.67636071565876,49.67636071565876,0.875
8.783333333333333,50.09276422672724,50.09276422672724,50.09276422672724,0.875
8.8,50.508971105784475,50.508971105784475,50.508971105784475,0.875
8.816666666666666,50.92495471789107,50.92495471789107,50.92495471789107,0.875
8.833333333333334,51.34068847839877,51.34068847839877,51.34068847839877,0.875
8.85,51.75614585395124,51.75614585395124,51.75614585395124,0.875
8.866666666666667,52.17130036349212,52.17130036349212,52.17130036349212,0.875
8.883333333333333,52.58612557927819,52.58612557927819,52.58612557927819,0.875
8.9,53.000595127899096,53.000595127899096,53.000595127899096,0.875
8.916666666666666,53.41468269130169,53.41468269130169,53.41468269130169,0.875
8.933333333333334,53.82836200782053,53.82836200782053,53.82836200782053,0.875
8.95,54.241606873212255,54.241606873212255,54.241606873212255,0.875
8.966666666666667,54.65439114169579,54.65439114169579,54.65439114169579,0.875
8.983333333333333,55.066688726995984,55.066688726995984,55.066688726995984,0.875
9.0,55.47847360339225,55.47847360339225,55.47847360339225,0.875
9.016666666666666,55.889719806770565,55.889719806770565,55.889719806770565,0.875
9.033333333333333,56.30040143567984,56.30040143567984,56.30040143567984,0.875
9.05,56.71049265239111,56.71049265239111,56.71049265239111,0.875
9.066666666666666,57.11996768396074,57.11996768396074,57.11996768396074,0.875
9.083333333333334,57.5288008232962,57.5288008232962,57.5288008232962,0.875
9.1,57.93696643022491,57.93696643022491,57.93696643022491,0.875
9.116666666666667,58.34443893256594,58.34443893256594,58.34443893256594,0.875
9.133333333333333,58.751192827203624,58.751192827203624,58.751192827203624,0.875
9.15,59.157202681164264,59.157202681164264,59.157202681164264,0.875
9.166666666666666,59.562443132694085,59.562443132694085,59.562443132694085,0.875
9.183333333333334,59.966888892339654,59.966888892339654,59.966888892339654,0.875
9.2,60.37051474402973,60.37051474402973,60.37051474402973,0.875
9.216666666666667,60.77329554615866,60.77329554615866,60.77329554615866,0.875
9.233333333333333,61.175206232671165,61.175206232671165,61.175206232671165,0.875
9.25,61.57622181414828,61.57622181414828,61.57622181414828,0.875
9.266666666666666,61.97631737889411,61.97631737889411,61.97631737889411,0.875
9.283333333333333,62.37546809402368,62.37546809402368,62.37546809402368,0.875
9.3,62.773649206551156,62.773649206551156,62.773649206551156,0.875
9.316666666666666,63.170836044478584,63.170836044478584,63.170836044478584,0.875
9.333333333333334,63.56700401788529,63.56700401788529,63.56700401788529,0.875
9.35,63.96212862001671,63.96212862001671,63.96212862001671,0.875
9.366666666666667,64.35618542837415,64.35618542837415,64.35618542837415,0.875
9.383333333333333,64.74915010580331,64.74915010580331,64.74915010580331,0.875
9.4,65.14099840158364,65.14099840158364,65.14099840158364,0.875
9.416666666666666,65.5317061525161,65.5317061525161,65.5317061525161,0.875
9.433333333333334,65.92124928401142,65.92124928401142,65.92124928401142,0.875
9.45,66.30960381117646,66.30960381117646,66.30960381117646,0.875
9.466666666666667,66.69674583990087,66.69674583990087,66.69674583990087,0.875
9.483333333333333,67.08265156794145,67.08265156794145,67.08265156794145,0.875
9.5,67.4672972860066,67.4672972860066,67.4672972860066,0.875
9.516666666666666,67.85065937883827,67.85065937883827,67.85065937883827,0.875
9.533333333333333,68.23271432629355,68.23271432629355,68.23271432629355,0.875
9.55,68.61343870442361,68.61343870442361,68.61343870442361,0.875
9.566666666666666,68.99280918655187,68.99280918655187,68.99280918655187,0.875
9.583333333333334,69.37080254434981,69.37080254434981,69.37080254434981,0.875
9.6,69.74739564891078,69.74739564891078,69.74739564891078,0.875
9.616666666666667,70.12256547182204,70.12256547182204,70.12256547182204,0.875
9.633333333333333,70.49628908623431,70.49628908623431,70.49628908623431,0.875
9.65,70.8685436679291,70.8685436679291,70.8685436679291,0.875
9.666666666666666,71.23930649638348,71.23930649638348,71.23930649638348,0.875
9.683333333333334,71.6085549558325,71.6085549558325,71.6085549558325,0.875
9.7,71.97626653632852,71.97626653632852,71.97626653632852,0.875
9.716666666666667,72.34241883479827,72.34241883479827,72.34241883479827,0.875
9.733333333333333,72.70698955609642,72.70698955609642,72.70698955609642,0.875
9.75,73.06995651405651,73.06995651405651,73.06995651405651,0.875
9.766666666666666,73.43129763253862,73.43129763253862,73.43129763253862,0.875
9.783333333333333,73.79099094647373,73.79099094647373,73.79099094647373,0.875
9.8,74.14901460290476,74.14901460290476,74.14901460290476,0.875
9.816666666666666,74.50534686202415,74.50534686202415,74.50534686202415,0.875
9.833333333333334,74.8599660982079,74.8599660982079,74.8599660982079,0.875
9.85,75.21285080104573,75.21285080104573,75.21285080104573,0.875
9.866666666666667,75.56397957636793,75.56397957636793,75.56397957636793,0.875
9.883333333333333,75.9133311472676,75.9133311472676,75.9133311472676,0.875
9.9,76.26088435511973,76.26088435511973,76.26088435511973,0.875
9.916666666666666,76.6066181605955,76.6066181605955,76.6066181605955,0.875
9.933333333333334,76.95051164467283,76.95051164467283,76.95051164467283,0.875
9.95,77.29254400964253,77.29254400964253,77.29254400964253,0.875
9.966666666666667,77.63269458011005,77.63269458011005,77.63269458011005,0.875
9.983333333333333,77.97094280399273,77.97094280399273,77.97094280399273,0.875
10.0,78.3072682535127,78.3072682535127,78.3072682535127,0.875
10.016666666666666,78.64165062618481,78.64165062618481,78.64165062618481,0.875
10.033333333333333,78.97406974580021,78.97406974580021,78.97406974580021,0.875
10.05,79.30450556340469,79.30450556340469,79.30450556340469,0.875
10.066666666666666,79.63293815827238,79.63293815827238,79.63293815827238,0.875
10.083333333333334,79.95934773887453,79.95934773887453,79.95934773887453,0.875
10.1,80.28371464384267,80.28371464384267,80.28371464384267,0.875
10.116666666666667,80.60601934292754,80.60601934292754,80.60601934292754,0.875
10.133333333333333,80.92624243795147,80.92624243795147,80.92624243795147,0.875
10.15,81.24436466375693,81.24436466375693,81.24436466375693,0.875
10.166666666666666,81.56036688914811,81.56036688914811,81.56036688914811,0.875
10.183333333333334,81.87423011782836,81.87423011782836,81.87423011782836,0.875
10.2,82.18593548933099,82.18593548933099,82.18593548933099,0.875
10.216666666666667,82.49546427994517,82.49546427994517,82.49546427994517,0.875
10.233333333333333,82.80279790363545,82.80279790363545,82.80279790363545,0.875
10.25,83.10791791295617,83.10791791295617,83.10791791295617,0.875
10.266666666666666,83.4108059999591,83.4108059999591,83.4108059999591,0.875
10.283333333333333,83.71144399709594,83.71144399709594,83.71144399709594,0.875
10.3,84.00981387811427,84.00981387811427,84.00981387811427,0.875
10.316666666666666,84.30589775894747,84.30589775894747,84.30589775894747,0.875
10.333333333333334,84.59967789859856,84.59967789859856,84.59967789859856,0.875
10.35,84.89113670001768,84.89113670001768,84.89113670001768,0.875
10.366666666666667,85.18025671097323,85.18025671097323,85.18025671097323,0.875
10.383333333333333,85.46702062491659,85.46702062491659,85.46702062491659,0.875
10.4,85.75141128184045,85.75141128184045,85.75141128184045,0.875
10.416666666666666,86.0334116691305,86.0334116691305,86.0334116691305,0.875
10.433333333333334,86.31300492241049,86.31300492241049,86.31300492241049,0.875
10.45,86.59017432638065,86.59017432638065,86.59017432638065,0.875
10.466666666666667,86.86490331564949,86.86490331564949,86.86490331564949,0.875
10.483333333333333,87.13717547555832,87.13717547555832,87.13717547555832,0.875
10.5,87.4069745429997,87.4069745429997,87.4069745429997,0.875
10.516666666666666,87.67428440722792,87.67428440722792,87.67428440722792,0.875
10.533333333333333,87.93908911066346,87.93908911066346,87.93908911066346,0.875
10.55,88.20137284968965,88.20137284968965,88.20137284968965,0.875
10.566666666666666,88.46111997544259,88.46111997544259,88.46111997544259,0.875
10.583333333333334,88.71831499459375,88.71831499459375,88.71831499459375,0.875
10.6,88.97294257012533,88.97294257012533,88.97294257012533,0.875
10.616666666666667,89.22498752209827,89.22498752209827,89.22498752209827,0.875
10.633333333333333,89.47443482841301,89.47443482841301,89.47443482841301,0.875
10.65,89.72126962556266,89.72126962556266,89.72126962556266,0.875
10.666666666666666,89.96547720937875,89.96547720937875,89.96547720937875,0.875
10.683333333333334,90.20704303576954,90.20704303576954,90.20704303576954,0.875
10.7,90.44595272145052,90.44595272145052,90.44595272145052,0.875
10.716666666666667,90.68219204466754,90.68219204466754,90.68219204466754,0.875
10.733333333333333,90.91574694591185,90.91574694591185,90.91574694591185,0.875
10.75,91.1466035286278,91.1466035286278,91.1466035286278,0.875
10.766666666666666,91.37474805991242,91.37474805991242,91.37474805991242,0.875
10.783333333333333,91.6001669712073,91.6001669712073,91.6001669712073,0.875
10.8,91.82284685898246,91.82284685898246,91.82284685898246,0.875
10.816666666666666,92.04277448541224,92.04277448541224,92.04277448541224,0.875
10.833333333333334,92.25993677904339,92.25993677904339,92.25993677904339,0.875
10.85,92.47432083545473,92.47432083545473,92.47432083545473,0.875
10.866666666666667,92.68591391790915,92.68591391790915,92.68591391790915,0.875
10.883333333333333,92.8947034579968,92.8947034579968,92.8947034579968,0.875
10.9,93.10067705627098,93.10067705627098,93.10067705627098,0.875
10.916666666666666,93.30382248287476,93.30382248287476,93.30382248287476,0.875
10.933333333333334,93.50412767816026,93.50412767816026,93.50412767816026,0.875
10.95,93.70158075329871,93.70158075329871,93.70158075329871,0.875
10.966666666666667,93.89616999088298,93.89616999088298,93.89616999088298,0.875
10.983333333333333,94.08788384552079,94.08788384552079,94.08788384552079,0.875
11.0,94.27671094442034,94.27671094442034,94.27671094442034,0.875
11.016666666666666,94.4626400879666,94.4626400879666,94.4626400879666,0.875
11.033333333333333,94.64566025028978,94.64566025028978,94.64566025028978,0.875
11.05,94.82576057982452,94.82576057982452,94.82576057982452,0.875
11.066666666666666,95.00293039986101,95.00293039986101,95.00293039986101,0.875
11.083333333333334,95.17715920908711,95.17715920908711,95.17715920908711,0.875
11.1,95.34843668212187,95.34843668212187,95.34843668212187,0.875
11.116666666666667,95.51675267004023,95.51675267004023,95.51675267004023,0.875
11.133333333333333,95.68209720088899,95.68209720088899,95.68209720088899,0.875
11.15,95.84446048019394,95.84446048019394,95.84446048019394,0.875
11.166666666666666,96.00383289145815,96.00383289145815,96.00383289145815,0.875
11.183333333333334,96.16020499665129,96.16020499665129,96.16020499665129,0.875
11.2,96.31356753669004,96.31356753669004,96.31356753669004,0.875
11.216666666666667,96.46391143190971,96.46391143190971,96.46391143190971,0.875
11.233333333333333,96.61122778252647,96.61122778252647,96.61122778252647,0.875
11.25,96.75550786909103,96.75550786909103,96.75550786909103,0.875
11.266666666666666,96.89674315293286,96.89674315293286,96.89674315293286,0.875
11.283333333333333,97.03492527659554,97.03492527659554,97.03492527659554,0.875
11.3,97.17004606426295,97.17004606426295,97.17004606426295,0.875
11.316666666666666,97.30209752217618,97.30209752217618,97.30209752217618,0.875
11.333333333333334,97.43107183904148,97.43107183904148,97.43107183904148,0.875
11.35,97.55696138642878,97.55696138642878,97.55696138642878,0.875
11.366666666666667,97.67975871916116,97.67975871916116,97.67975871916116,0.875
11.383333333333333,97.79945657569485,97.79945657569485,97.79945657569485,0.875
11.4,97.91604787849025,97.91604787849025,97.91604787849025,0.875
11.416666666666666,98.02952573437311,98.02952573437311,98.02952573437311,0.875
11.433333333333334,98.13988343488714,98.13988343488714,98.13988343488714,0.875
11.45,98.24711445663635,98.24711445663635,98.24711445663635,0.875
11.466666666666667,98.35121246161887,98.35121246161887,98.35121246161887,0.875
11.483333333333333,98.45217129755062,98.45217129755062,98.45217129755062,0.875
11.5,98.5499849981801,98.5499849981801,98.5499849981801,0.875
11.516666666666666,98.6446477835934,98.6446477835934,98.6446477835934,0.875
11.533333333333333,98.73615406050983,98.73615406050983,98.73615406050983,0.875
11.55,98.82449842256814,98.82449842256814,98.82449842256814,0.875
11.566666666666666,98.90967565060299,98.90967565060299,98.90967565060299,0.875
11.583333333333334,98.9916807129122,98.9916807129122,98.9916807129122,0.875
11.6,99.07050876551412,99.07050876551412,99.07050876551412,0.875
11.616666666666667,99.14615515239575,99.14615515239575,99.14615515239575,0.875
11.633333333333333,99.21861540575094,99.21861540575094,99.21861540575094,0.875
11.65,99.28788524620931,99.28788524620931,99.28788524620931,0.875
11.666666666666666,99.35396058305528,99.35396058305528,99.35396058305528,0.875
11.683333333333334,99.41683751443765,99.41683751443765,99.41683751443765,0.875
11.7,99.4765123275694,99.4765123275694,99.4765123275694,0.875
11.716666666666667,99.53298149891793,99.53298149891793,99.53298149891793,0.875
11.733333333333333,99.58624169438556,99.58624169438556,99.58624169438556,0.875
11.75,99.63628976948043,99.63628976948043,99.63628976948043,0.875
11.766666666666666,99.68312276947748,99.68312276947748,99.68312276947748,0.875
11.783333333333333,99.72673792957002,99.72673792957002,99.72673792957002,0.875
11.8,99.76713267501137,99.76713267501137,99.76713267501137,0.875
11.816666666666666,99.80430462124681,99.80430462124681,99.80430462124681,0.875
11.833333333333334,99.83825157403585,99.83825157403585,99.83825157403585,0.875
11.85,99.86897152956469,99.86897152956469,99.86897152956469,0.875
11.866666666666667,99.89646267454899,99.89646267454899,99.89646267454899,0.875
11.883333333333333,99.92072338632669,99.92072338632669,99.92072338632669,0.875
11.9,99.94175223294144,99.94175223294144,99.94175223294144,0.875
11.916666666666666,99.95954797321583,99.95954797321583,99.95954797321583,0.875
11.933333333333334,99.97410955681508,99.97410955681508,99.97410955681508,0.875
11.95,99.98543612430092,99.98543612430092,99.98543612430092,0.875
11.966666666666667,99.99352700717571,99.99352700717571,99.99352700717571,0.875
11.983333333333333,99.99838172791657,99.99838172791657,99.99838172791657,0.875
12.0,100.0,100.0,100.0,0.875
12.016666666666666,99.99838172791657,99.99838172791657,99.99838172791657,0.875
12.033333333333333,99.99352700717571,99.99352700717571,99.99352700717571,0.875
12.05,99.98543612430092,99.98543612430092,99.98543612430092,0.875
12.066666666666666,99.97410955681508,99.97410955681508,99.97410955681508,0.875
12.083333333333334,99.95954797321583,99.95954797321583,99.95954797321583,0.875
12.1,99.94175223294144,99.94175223294144,99.94175223294144,0.875
12.116666666666667,99.92072338632669,99.92072338632669,99.92072338632669,0.875
12.133333333333333,99.89646267454899,99.89646267454899,99.89646267454899,0.875
12.15,99.86897152956469,99.86897152956469,99.86897152956469,0.875
12.166666666666666,99.83825157403585,99.83825157403585,99.83825157403585,0.875
12.183333333333334,99.80430462124681,99.80430462124681,99.80430462124681,0.875
12.2,99.76713267501137,99.76713267501137,99.76713267501137,0.875
12.216666666666667,99.72673792957002,99.72673792957002,99.72673792957002,0.875
12.233333333333333,99.68312276947749,99.68312276947749,99.68312276947749,0.875
12.25,99.63628976948043,99.63628976948043,99.63628976948043,0.875
12.266666666666666,99.58624169438558,99.58624169438558,99.58624169438558,0.875
12.283333333333333,99.53298149891793,99.53298149891793,99.53298149891793,0.875
12.3,99.4765123275694,99.4765123275694,99.4765123275694,0.875
12.316666666666666,99.41683751443765,99.41683751443765,99.41683751443765,0.875
12.333333333333334,99.35396058305528,99.35396058305528,99.35396058305528,0.875
12.35,99.28788524620931,99.28788524620931,99.28788524620931,0.875
12.366666666666667,99.21861540575095,99.21861540575095,99.21861540575095,0.875
12.383333333333333,99.14615515239575,99.14615515239575,99.14615515239575,0.875
12.4,99.07050876551415,99.07050876551415,99.07050876551415,0.875
12.416666666666666,98.9916807129122,98.9916807129122,98.9916807129122,0.875
12.433333333333334,98.90967565060299,98.90967565060299,98.90967565060299,0.875
12.45,98.82449842256814,98.82449842256814,98.82449842256814,0.875
12.466666666666667,98.73615406050985,98.73615406050985,98.73615406050985,0.875
12.483333333333333,98.6446477835934,98.6446477835934,98.6446477835934,0.875
12.5,98.54998499818012,98.54998499818012,98.54998499818012,0.875
12.516666666666666,98.45217129755063,98.45217129755063,98.45217129755063,0.875
12.533333333333333,98.35121246161887,98.35121246161887,98.35121246161887,0.875
12.55,98.24711445663637,98.24711445663637,98.24711445663637,0.875
12.566666666666666,98.13988343488714,98.13988343488714,98.13988343488714,0.875
12.583333333333334,98.02952573437311,98.02952573437311,98.02952573437311,0.875
12.6,97.91604787849025,97.91604787849025,97.91604787849025,0.875
12.616666666666667,97.79945657569486,97.79945657569486,97.79945657569486,0.875
12.633333333333333,97.67975871916116,97.67975871916116,97.67975871916116,0.875
12.65,97.55696138642878,97.55696138642878,97.55696138642878,0.875
12.666666666666666,97.43107183904148,97.43107183904148,97.43107183904148,0.875
12.683333333333334,97.30209752217618,97.30209752217618,97.30209752217618,0.875
12.7,97.17004606426295,97.17004606426295,97.17004606426295,0.875
12.716666666666667,97.03492527659554,97.03492527659554,97.03492527659554,0.875
12.733333333333333,96.89674315293288,96.89674315293288,96.89674315293288,0.875
12.75,96.75550786909103,96.75550786909103,96.75550786909103,0.875
12.766666666666666,96.6112277825265,96.6112277825265,96.6112277825265,0.875
12.783333333333333,96.46391143190971,96.46391143190971,96.46391143190971,0.875
12.8,96.31356753669004,96.31356753669004,96.31356753669004,0.875
12.816666666666666,96.16020499665129,96.16020499665129,96.16020499665129,0.875
12.833333333333334,96.00383289145815,96.00383289145815,96.00383289145815,0.875
12.85,95.84446048019396,95.84446048019396,95.84446048019396,0.875
12.866666666666667,95.68209720088898,95.68209720088898,95.68209720088898,0.875
12.883333333333333,95.51675267004023,95.51675267004023,95.51675267004023,0.875
12.9,95.34843668212187,95.34843668212187,95.34843668212187,0.875
12.916666666666666,95.17715920908711,95.17715920908711,95.17715920908711,0.875
12.933333333333334,95.00293039986101,95.00293039986101,95.00293039986101,0.875
12.95,94.82576057982452,94.82576057982452,94.82576057982452,0.875
12.966666666666667,94.64566025028978,94.64566025028978,94.64566025028978,0.875
12.983333333333333,94.46264008796663,94.46264008796663,94.46264008796663,0.875
13.0,94.27671094442034,94.27671094442034,94.27671094442034,0.875
13.016666666666666,94.08788384552084,94.08788384552084,94.08788384552084,0.875
13.033333333333333,93.89616999088297,93.89616999088297,93.89616999088297,0.875
13.049999999999999,93.70158075329876,93.70158075329876,93.70158075329876,0.875
13.066666666666666,93.50412767816026,93.50412767816026,93.50412767816026,0.875
13.083333333333334,93.30382248287476,93.30382248287476,93.30382248287476,0.875
13.1,93.10067705627098,93.10067705627098,93.10067705627098,0.875
13.116666666666667,92.89470345799683,92.89470345799683,92.89470345799683,0.875
13.133333333333333,92.68591391790915,92.68591391790915,92.68591391790915,0.875
13.15,92.47432083545475,92.47432083545475,92.47432083545475,0.875
13.166666666666666,92.25993677904339,92.25993677904339,92.25993677904339,0.875
13.183333333333334,92.04277448541224,92.04277448541224,92.04277448541224,0.875
13.2,91.82284685898246,91.82284685898246,91.82284685898246,0.875
13.216666666666667,91.60016697120732,91.60016697120732,91.60016697120732,0.875
13.233333333333333,91.37474805991245,91.37474805991245,91.37474805991245,0.875
13.25,91.14660352862781,91.14660352862781,91.14660352862781,0.875
13.266666666666666,90.91574694591186,90.91574694591186,90.91574694591186,0.875
13.283333333333333,90.68219204466756,90.68219204466756,90.68219204466756,0.875
13.299999999999999,90.44595272145055,90.44595272145055,90.44595272145055,0.875
13.316666666666666,90.20704303576956,90.20704303576956,90.20704303576956,0.875
13.333333333333334,89.96547720937876,89.96547720937876,89.96547720937876,0.875
13.35,89.72126962556268,89.72126962556268,89.72126962556268,0.875
13.366666666666667,89.47443482841301,89.47443482841301,89.47443482841301,0.875
13.383333333333333,89.2249875220983,89.2249875220983,89.2249875220983,0.875
13.4,88.97294257012533,88.97294257012533,88.97294257012533,0.875
13.416666666666666,88.71831499459375,88.71831499459375,88.71831499459375,0.875
13.433333333333334,88.46111997544259,88.46111997544259,88.46111997544259,0.875
13.45,88.20137284968968,88.20137284968968,88.20137284968968,0.875
13.466666666666667,87.93908911066349,87.93908911066349,87.93908911066349,0.875
13.483333333333333,87.67428440722797,87.67428440722797,87.67428440722797,0.875
13.5,87.4069745429997,87.4069745429997,87.4069745429997,0.875
13.516666666666666,87.13717547555837,87.13717547555837,87.13717547555837,0.875
13.533333333333333,86.86490331564949,86.86490331564949,86.86490331564949,0.875
13.549999999999999,86.59017432638069,86.59017432638069,86.59017432638069,0.875
13.566666666666666,86.31300492241049,86.31300492241049,86.31300492241049,0.875
13.583333333333334,86.0334116691305,86.0334116691305,86.0334116691305,0.875
13.6,85.75141128184048,85.75141128184048,85.75141128184048,0.875
13.616666666666667,85.46702062491659,85.46702062491659,85.46702062491659,0.875
13.633333333333333,85.18025671097324,85.18025671097324,85.18025671097324,0.875
13.65,84.89113670001768,84.89113670001768,84.89113670001768,0.875
13.666666666666666,84.59967789859859,84.59967789859859,84.59967789859859,0.875
13.683333333333334,84.30589775894747,84.30589775894747,84.30589775894747,0.875
13.7,84.00981387811429,84.00981387811429,84.00981387811429,0.875
13.716666666666667,83.71144399709594,83.71144399709594,83.71144399709594,0.875
13.733333333333333,83.41080599995912,83.41080599995912,83.41080599995912,0.875
13.75,83.10791791295617,83.10791791295617,83.10791791295617,0.875
13.766666666666666,82.80279790363551,82.80279790363551,82.80279790363551,0.875
13.783333333333333,82.49546427994514,82.49546427994514,82.49546427994514,0.875
13.799999999999999,82.18593548933104,82.18593548933104,82.18593548933104,0.875
13.816666666666666,81.87423011782836,81.87423011782836,81.87423011782836,0.875
13.833333333333334,81.56036688914816,81.56036688914816,81.56036688914816,0.875
13.85,81.24436466375693,81.24436466375693,81.24436466375693,0.875
13.866666666666667,80.92624243795153,80.92624243795153,80.92624243795153,0.875
13.883333333333333,80.60601934292751,80.60601934292751,80.60601934292751,0.875
13.9,80.2837146438427,80.2837146438427,80.2837146438427,0.875
13.916666666666666,79.95934773887453,79.95934773887453,79.95934773887453,0.875
13.933333333333334,79.63293815827241,79.63293815827241,79.63293815827241,0.875
13.95,79.30450556340472,79.30450556340472,79.30450556340472,0.875
13.966666666666667,78.97406974580024,78.97406974580024,78.97406974580024,0.875
13.983333333333333,78.64165062618488,78.64165062618488,78.64165062618488,0.875
14.0,78.30726825351272,78.30726825351272,78.30726825351272,0.875
14.016666666666666,77.97094280399276,77.97094280399276,77.97094280399276,0.875
14.033333333333333,77.63269458011008,77.63269458011008,77.63269458011008,0.875
14.049999999999999,77.29254400964255,77.29254400964255,77.29254400964255,0.875
14.066666666666666,76.95051164467286,76.95051164467286,76.95051164467286,0.875
14.083333333333334,76.60661816059549,76.60661816059549,76.60661816059549,0.875
14.1,76.26088435511974,76.26088435511974,76.26088435511974,0.875
14.116666666666667,75.9133311472676,75.9133311472676,75.9133311472676,0.875
14.133333333333333,75.56397957636793,75.56397957636793,75.56397957636793,0.875
14.15,75.21285080104573,75.21285080104573,75.21285080104573,0.875
14.166666666666666,74.8599660982079,74.8599660982079,74.8599660982079,0.875
14.183333333333334,74.50534686202417,74.50534686202417,74.50534686202417,0.875
14.2,74.1490146029048,74.1490146029048,74.1490146029048,0.875
14.216666666666667,73.79099094647376,73.79099094647376,73.79099094647376,0.875
14.233333333333333,73.43129763253866,73.43129763253866,73.43129763253866,0.875
14.25,73.06995651405653,73.06995651405653,73.06995651405653,0.875
14.266666666666666,72.70698955609647,72.70698955609647,72.70698955609647,0.875
14.283333333333333,72.34241883479827,72.34241883479827,72.34241883479827,0.875
14.299999999999999,71.9762665363286,71.9762665363286,71.9762665363286,0.875
14.316666666666666,71.6085549558325,71.6085549558325,71.6085549558325,0.875
14.333333333333334,71.23930649638348,71.23930649638348,71.23930649638348,0.875
14.35,70.86854366792912,70.86854366792912,70.86854366792912,0.875
14.366666666666667,70.49628908623433,70.49628908623433,70.49628908623433,0.875
14.383333333333333,70.12256547182206,70.12256547182206,70.12256547182206,0.875
14.4,69.74739564891078,69.74739564891078,69.74739564891078,0.875
14.416666666666666,69.37080254434983,69.37080254434983,69.37080254434983,0.875
14.433333333333334,68.99280918655185,68.99280918655185,68.99280918655185,0.875
14.45,68.61343870442363,68.61343870442363,68.61343870442363,0.875
14.466666666666667,68.23271432629352,68.23271432629352,68.23271432629352,0.875
14.483333333333333,67.85065937883832,67.85065937883832,67.85065937883832,0.875
14.5,67.4672972860066,67.4672972860066,67.4672972860066,0.875
14.516666666666666,67.0826515679415,67.0826515679415,67.0826515679415,0.875
14.533333333333333,66.69674583990087,66.69674583990087,66.69674583990087,0.875
14.549999999999999,66.30960381117653,66.30960381117653,66.30960381117653,0.875
14.566666666666666,65.92124928401142,65.92124928401142,65.92124928401142,0.875
14.583333333333334,65.53170615251612,65.53170615251612,65.53170615251612,0.875
14.6,65.14099840158364,65.14099840158364,65.14099840158364,0.875
14.616666666666667,64.74915010580334,64.74915010580334,64.74915010580334,0.875
14.633333333333333,64.35618542837413,64.35618542837413,64.35618542837413,0.875
14.65,63.96212862001674,63.96212862001674,63.96212862001674,0.875
14.666666666666666,63.567004017885274,63.567004017885274,63.567004017885274,0.875
14.683333333333334,63.17083604447862,63.17083604447862,63.17083604447862,0.875
14.7,62.77364920655114,62.77364920655114,62.77364920655114,0.875
14.716666666666667,62.37546809402373,62.37546809402373,62.37546809402373,0.875
14.733333333333333,61.97631737889415,61.97631737889415,61.97631737889415,0.875
14.75,61.57622181414829,61.57622181414829,61.57622181414829,0.875
14.766666666666666,61.17520623267121,61.17520623267121,61.17520623267121,0.875
14.783333333333333,60.773295546158664,60.773295546158664,60.773295546158664,0.875
14.799999999999999,60.37051474402977,60.37051474402977,60.37051474402977,0.875
14.816666666666666,59.96688889233969,59.96688889233969,59.96688889233969,0.875
14.833333333333334,59.5624431326941,59.5624431326941,59.5624431326941,0.875
14.85,59.15720268116429,59.15720268116429,59.15720268116429,0.875
14.866666666666667,58.751192827203646,58.751192827203646,58.751192827203646,0.875
14.883333333333333,58.344438932565964,58.344438932565964,58.344438932565964,0.875
14.9,57.93696643022491,57.93696643022491,57.93696643022491,0.875
14.916666666666666,57.528800823296244,57.528800823296244,57.528800823296244,0.875
14.933333333333334,57.11996768396074,57.11996768396074,57.11996768396074,0.875
14.95,56.710492652391174,56.710492652391174,56.710492652391174,0.875
14.966666666666667,56.30040143567984,56.30040143567984,56.30040143567984,0.875
14.983333333333333,55.88971980677061,55.88971980677061,55.88971980677061,0.875
15.0,55.47847360339225,55.47847360339225,55.47847360339225,0.875
15.016666666666666,55.06668872699604,55.06668872699604,55.06668872699604,0.875
15.033333333333333,54.65439114169581,54.65439114169581,54.65439114169581,0.875
15.049999999999999,54.24160687321231,54.24160687321231,54.24160687321231,0.875
15.066666666666666,53.82836200782054,53.82836200782054,53.82836200782054,0.875
15.083333333333334,53.414682691301685,53.414682691301685,53.414682691301685,0.875
15.1,53.00059512789912,53.00059512789912,53.00059512789912,0.875
15.116666666666667,52.58612557927819,52.58612557927819,52.58612557927819,0.875
15.133333333333333,52.1713003634921,52.1713003634921,52.1713003634921,0.875
15.15,51.75614585395124,51.75614585395124,51.75614585395124,0.875
15.166666666666666,51.34068847839877,51.34068847839877,51.34068847839877,0.875
15.183333333333334,50.92495471789108,50.92495471789108,50.92495471789108,0.875
15.2,50.508971105784475,50.508971105784475,50.508971105784475,0.875
15.216666666666667,50.09276422672726,50.09276422672726,50.09276422672726,0.875
15.233333333333333,49.67636071565882,49.67636071565882,49.67636071565882,0.875
15.25,49.25978725681457,49.25978725681457,49.25978725681457,0.875
15.266666666666666,48.84307058273848,48.84307058273848,48.84307058273848,0.875
15.283333333333333,48.426237473302,48.426237473302,48.426237473302,0.875
15.299999999999999,48.009314754731555,48.009314754731555,48.009314754731555,0.875
15.316666666666666,47.592329298642255,47.592329298642255,47.592329298642255,0.875
15.333333333333334,47.17530802108175,47.17530802108175,47.17530802108175,0.875
15.35,46.758277881580526,46.758277881580526,46.758277881580526,0.875
15.366666666666667,46.34126588221265,46.34126588221265,46.34126588221265,0.875
15.383333333333333,45.924299066664545,45.924299066664545,45.924299066664545,0.875
15.4,45.50740451931405,45.50740451931405,45.50740451931405,0.875
15.416666666666666,45.09060936431896,45.09060936431896,45.09060936431896,0.875
15.433333333333334,44.673940764715866,44.673940764715866,38.412883231565075,0.875
15.45,44.25742592153,44.25742592153,37.98679136455123,0.875
15.466666666666667,43.84109207289576,43.84109207289576,37.56753775029879,0.875
15.483333333333333,43.42496649318905,43.42496649318905,27.731779476990422,0.875
15.5,43.00907649217128,43.00907649217128,27.302124740957517,0.875
15.516666666666666,42.593449414146065,42.593449414146065,26.85772818629059,0.875
15.533333333333333,42.17811263712852,42.17811263712852,26.41544848871187,0.875
15.549999999999999,41.763093572027735,41.763093572027735,25.97370435628522,0.875
15.566666666666666,41.34841966184358,41.34841966184358,25.530691446543884,0.875
15.583333333333334,40.934118380877024,40.934118380877024,25.10193578437181,0.875
15.6,40.52021723395614,40.52021723395614,24.66250895752981,0.875
15.616666666666667,40.10674375567643,40.10674375567643,24.231020710789057,0.875
15.633333333333333,39.693725509658066,39.693725509658066,23.78034131434912,0.875
15.65,39.28119008781874,39.28119008781874,23.337819172437534,0.875
15.666666666666666,38.8691651096642,38.8691651096642,22.89983140423986,0.875
15.683333333333334,38.45767822159577,38.45767822159577,22.471520502378233,0.875
15.7,38.046757096236945,38.046757096236945,22.036823662970495,0.875
15.716666666666667,37.63642943177802,37.63642943177802,21.587129334705068,0.875
15.733333333333333,37.22672295134115,37.22672295134115,21.150887712706385,0.875
15.75,36.81766540236488,36.81766540236488,20.71334405753115,0.875
15.766666666666666,36.409284556010626,36.409284556010626,20.287392909232842,0.875
15.783333333333333,36.0016082065896,36.0016082065896,19.849906253762587,0.875
15.799999999999999,35.59466417101399,35.59466417101399,19.418403973393414,0.875
15.816666666666666,35.188480288269425,35.188480288269425,18.977890694558695,0.875
15.833333333333334,34.783084418913596,34.783084418913596,18.538273409747763,0.875
15.85,34.378504444598384,34.378504444598384,15.316014225955964,0.875
15.866666666666667,33.97476826761849,33.97476826761849,14.871588682381963,0.875
15.883333333333333,33.57190381048715,33.57190381048715,14.42723872490021,0.875
15.9,33.169939015538944,33.169939015538944,13.989085930308812,0.875
15.916666666666666,32.768901844562244,32.768901844562244,13.554019401778604,0.875
15.933333333333334,32.36882027846061,32.36882027846061,13.116106822570588,0.875
15.95,31.969722316946164,31.969722316946164,12.67480490647416,0.875
15.966666666666667,31.57163597826364,31.57163597826364,11.918720694876257,0.875
15.983333333333333,31.17458929894935,31.17458929894935,11.134965090226311,0.875
16.0,30.7786103336229,30.7786103336229,9.695741239594398,0.875
16.016666666666666,30.383727154816043,30.383727154816043,9.262614303893637,0.875
16.03333333333333,29.98996785283757,29.98996785283757,9.999999928932386,0.875
16.05,29.597360535677225,29.597360535677225,9.558951222191116,0.875
16.066666666666666,29.20593332894959,29.20593332894959,9.125458148419733,0.875
16.083333333333332,28.81571437587864,28.81571437587864,8.69950189191639,0.875
16.1,28.426731837326003,28.426731837326003,8.263097965345171,0.875
16.116666666666667,28.039013891863885,28.039013891863885,7.833314152839337,0.875
16.133333333333333,27.652588735893463,27.652588735893463,7.40579617246169,0.875
16.15,27.267484583812617,27.267484583812617,6.970008979615898,0.875
16.166666666666668,26.88372966823249,26.88372966823249,6.5451612396285075,0.875
16.183333333333334,26.5013522402474,26.5013522402474,6.113221596470485,0.875
16.2,26.120380569757334,26.120380569757334,8.575088308717804,0.875
16.216666666666665,25.740842945847998,25.740842945847998,8.158068944162366,0.875
16.233333333333334,25.362767677228344,25.362767677228344,7.742511934896623,0.875
16.25,24.98618309272992,24.98618309272992,7.332680305134972,0.875
16.266666666666666,24.611117541868644,24.611117541868644,6.920133013627597,0.875
16.28333333333333,24.237599395473293,24.237599395473293,6.50489843120332,0.875
16.3,23.865657046382434,23.865657046382434,6.095474341466388,0.875
16.316666666666666,23.49531891021333,23.49531891021333,5.690916117397561,0.875
16.333333333333332,23.126613426204862,23.126613426204862,5.28472889274301,0.875
16.35,22.759569058138997,22.759569058138997,4.875968088648213,0.875
16.366666666666667,22.39421429534373,22.39421429534373,4.473131585206846,0.875
16.383333333333333,22.030577653779616,22.030577653779616,4.068751550250268,0.875
16.4,21.668687677216372,21.668687677216372,3.665145137658106,0.875
16.416666666666668,21.30857293850114,21.30857293850114,3.2675486582967883,0.875
16.433333333333334,20.950262040923754,20.950262040923754,2.867521324690471,0.875
16.45,20.593783619682718,20.593783619682718,2.473561162803347,0.875
16.466666666666665,20.23916634345728,20.23916634345728,2.0814621459318263,0.875
16.483333333333334,19.88643891609029,19.88643891609029,1.687018282535911,0.875
16.5,19.535630078386585,19.535630078386585,1.3019893569325018,0.875
16.516666666666666,19.18676861003257,19.18676861003257,0.9114114525495333,0.875
16.53333333333333,18.839883331643527,18.839883331643527,0.7099811338838397,0.875
16.55,18.495003106943766,18.495003106943766,0.6675176054117619,0.875
16.566666666666666,18.152156845087365,18.152156845087365,0.625865176302419,0.875
16.583333333333332,17.81137350312453,17.81137350312453,0.5981840049217931,0.875
16.6,17.47268208862352,17.47268208862352,0.5845714209779284,0.875
16.616666666666667,17.13611166245414,17.13611166245414,0.5685571514340131,0.875
16.633333333333333,16.80169134174134,16.80169134174134,0.5516686586352944,0.875
16.65,16.469450302998563,16.469450302998563,0.5348618535227542,0.875
16.666666666666668,16.1394177854496,16.1394177854496,0.5181872881332104,0.875
16.683333333333334,15.811623094549962,15.811623094549962,0.5016637379103921,0.875
16.7,15.486095605716738,15.486095605716738,0.4852752883973962,0.875
16.716666666666665,15.162864768280599,15.162864768280599,0.4689742489187574,0.875
16.733333333333334,14.841960109670724,14.841960109670724,0.452828532218558,0.875
16.75,14.523411239846673,14.523411239846673,0.43660546921772997,0.875
16.766666666666666,14.207247855990213,14.207247855990213,0.42069091343936604,0.875
16.78333333333333,13.8934997474735,13.8934997474735,0.4047683847620315,0.875
16.8,13.582196801118743,13.582196801118743,0.38909079968708654,0.875
16.816666666666666,13.273369006767405,13.273369006767405,0.3734919807904395,0.875
16.833333333333332,12.967046463176759,12.967046463176759,0.3579733955374522,0.875
16.85,12.66325938426468,12.66325938426468,0.34262033679777787,0.875
16.866666666666667,12.362038105724208,12.362038105724208,4.126364921142155,0.875
16.883333333333333,12.063413092030013,12.063413092030013,3.8114316437161158,0.875
16.9,11.76741494386389,11.76741494386389,3.5023868845645048,0.875
16.916666666666668,11.474074405984245,11.474074405984245,3.1927380829530163,0.875
16.933333333333334,11.183422375570801,11.183422375570801,2.8857777888077294,0.875
16.95,10.895489911074623,10.895489911074623,2.581537060579697,0.875
16.966666666666665,10.610308241609314,10.610308241609314,2.2800471273825513,0.875
16.983333333333334,10.327908776919816,10.327908776919816,1.9813393989612043,0.875
17.0,10.048323117970066,10.048323117970066,1.6854454762796056,0.875
17.016666666666666,9.77158306819279,0.0,9.77158306819279,0.875
17.03333333333333,9.497720645450954,0.0,9.497720645450954,0.875
17.05,9.226768094761825,0.0,9.226768094761825,0.875
17.066666666666666,8.958757901843027,0.0,8.958757901843027,0.875
17.083333333333332,8.693722807540848,0.0,8.693722807540848,0.875
17.1,8.431695823212557,0.0,8.431695823212557,0.875
17.116666666666667,8.17271024713626,0.0,8.17271024713626,0.875
17.133333333333333,7.916799682032144,0.0,7.916799682032144,0.875
17.15,7.663998053787191,0.0,7.663998053787191,0.875
17.166666666666668,7.414339631483831,0.0,7.414339631483831,0.875
17.183333333333334,7.167859048844953,0.0,7.167859048844953,0.875
17.2,6.924591327218328,0.0,6.924591327218328,0.875
17.216666666666665,6.684571900238977,0.0,6.684571900238977,0.875
17.233333333333334,6.447836640321743,0.0,6.447836640321743,0.875
17.25,6.214421887154877,0.0,6.214421887154877,0.875
17.266666666666666,5.984364478384677,0.0,5.984364478384677,0.875
17.28333333333333,5.757701782705522,0.0,5.757701782705522,0.875
17.3,5.534471735593843,0.0,5.534471735593843,0.875
17.316666666666666,5.314712877956231,0.0,5.314712877956231,0.875
17.333333333333332,5.098464397995539,0.0,5.098464397995539,0.875
17.35,4.885766176639954,0.0,4.885766176639954,0.875
17.366666666666667,4.676658836925653,0.0,4.676658836925653,0.875
17.383333333333333,4.4711837977778215,0.0,4.4711837977778215,0.875
17.4,4.26938333269933,0.0,4.26938333269933,0.875
17.416666666666668,4.0713006339492726,0.0,4.0713006339492726,0.875
17.433333333333334,3.8769798828824045,0.0,3.8769798828824045,0.875
17.45,3.686466327223255,0.0,3.686466327223255,0.875
17.466666666666665,3.499806366173093,0.0,3.499806366173093,0.875
17.483333333333334,3.3170476443950685,0.0,3.3170476443950685,0.875
17.5,3.1382391560997815,0.0,3.1382391560997815,0.875
17.516666666666666,2.9634313606678986,0.0,2.9634313606678986,0.875
17.53333333333333,2.792676311507013,0.0,2.792676311507013,0.875
17.55,2.6260278001576056,0.0,2.6260278001576056,0.875
17.566666666666666,2.463541518055032,0.0,2.463541518055032,0.875
17.583333333333332,2.305275238839477,0.0,2.305275238839477,0.875
17.6,2.151289024713532,0.0,2.151289024713532,0.875
17.616666666666667,2.0016454611101957,0.0,2.0016454611101957,0.875
17.633333333333333,1.8564099249050712,0.0,1.8564099249050712,0.875
17.65,1.715650892653073,0.0,1.715650892653073,0.875
17.666666666666668,1.579440296942895,0.0,1.579440296942895,0.875
17.683333333333334,1.4478539410804132,0.0,1.4478539410804132,0.875
17.7,1.3209719851185229,0.0,1.3209719851185229,0.875
17.716666666666665,1.198879520029561,0.0,1.198879520029561,0.875
17.733333333333334,1.0816672519698651,0.0,1.0816672519698651,0.875
17.75,0.9694323257398086,0.0,0.9694323257398086,0.875
17.766666666666666,0.8622793266477878,0.0,0.8622793266477878,0.875
17.78333333333333,0.7603215145618043,0.0,0.7603215145618043,0.875
17.8,0.6636823654373913,0.0,0.6636823654373913,0.875
17.816666666666666,0.5724975281873781,0.0,0.5724975281873781,0.875
17.833333333333332,0.48691735560671984,0.0,0.48691735560671984,0.875
17.85,0.4071102502498303,0.0,0.4071102502498303,0.875
17.866666666666667,0.33326720454040293,0.0,0.33326720454040293,0.875
17.883333333333333,0.26560815909048113,0.0,0.26560815909048113,0.875
17.9,0.20439126245739386,0.0,0.20439126245739386,0.875
17.916666666666668,0.14992704405698487,0.0,0.14992704405698487,0.875
17.933333333333334,0.10260157825857294,0.0,0.10260157825857294,0.875
17.95,0.06291795352028096,0.0,0.06291795352028096,0.875
17.966666666666665,0.031581384229091396,0.0,0.031581384229091396,0.875
17.983333333333334,0.009720468493462838,0.0,0.009720468493462838,0.875
18.0,8.904682680310141e-26,0.0,8.904682680310141e-26,0.875
18.016666666666666,0.0,0.0,0.0,0.7
18.03333333333333,0.0,0.0,0.0,0.7
18.05,0.0,0.0,0.0,0.7
18.066666666666666,0.0,0.0,0.0,0.7
18.083333333333332,0.0,0.0,0.0,0.7
18.1,0.0,0.0,0.0,0.7
18.116666666666667,0.0,0.0,0.0,0.7
18.133333333333333,0.0,0.0,0.0,0.7
18.15,0.0,0.0,0.0,0.7
18.166666666666668,0.0,0.0,0.0,0.7
18.183333333333334,0.0,0.0,0.0,0.7
18.2,0.0,0.0,0.0,0.7
18.216666666666665,0.0,0.0,0.0,0.7
18.233333333333334,0.0,0.0,0.0,0.7
18.25,0.0,0.0,0.0,0.7
18.266666666666666,0.0,0.0,0.0,0.7
18.28333333333333,0.0,0.0,0.0,0.7
18.3,0.0,0.0,0.0,0.7
18.316666666666666,0.0,0.0,0.0,0.7
18.333333333333332,0.0,0.0,0.0,0.7
18.35,0.0,0.0,0.0,0.7
18.366666666666667,0.0,0.0,0.0,0.7
18.383333333333333,0.0,0.0,0.0,0.7
18.4,0.0,0.0,0.0,0.7
18.416666666666668,0.0,0.0,0.0,0.7
18.433333333333334,0.0,0.0,0.0,0.7
18.45,0.0,0.0,0.0,0.7
18.466666666666665,0.0,0.0,0.0,0.7
18.483333333333334,0.0,0.0,0.0,0.7
18.5,0.0,0.0,0.0,0.7
18.516666666666666,0.0,0.0,0.0,0.7
18.53333333333333,0.0,0.0,0.0,0.7
18.55,0.0,0.0,0.0,0.7
18.566666666666666,0.0,0.0,0.0,0.7
18.583333333333332,0.0,0.0,0.0,0.7
18.6,0.0,0.0,0.0,0.7
18.616666666666667,0.0,0.0,0.0,0.7
18.633333333333333,0.0,0.0,0.0,0.7
18.65,0.0,0.0,0.0,0.7
18.666666666666668,0.0,0.0,0.0,0.7
18.683333333333334,0.0,0.0,0.0,0.7
18.7,0.0,0.0,0.0,0.7
18.716666666666665,0.0,0.0,0.0,0.7
18.733333333333334,0.0,0.0,0.0,0.7
18.75,0.0,0.0,0.0,0.7
18.766666666666666,0.0,0.0,0.0,0.7
18.78333333333333,0.0,0.0,0.0,0.7
18.8,0.0,0.0,0.0,0.7
18.816666666666666,0.0,0.0,0.0,0.7
18.833333333333332,0.0,0.0,0.0,0.7
18.85,0.0,0.0,0.0,0.7
18.866666666666667,0.0,0.0,0.0,0.7
18.883333333333333,0.0,0.0,0.0,0.7
18.9,0.0,0.0,0.0,0.7
18.916666666666668,0.0,0.0,0.0,0.7
18.933333333333334,0.0,0.0,0.0,0.7
18.95,0.0,0.0,0.0,0.7
18.966666666666665,0.0,0.0,0.0,0.7
18.983333333333334,0.0,0.0,0.0,0.7
19.0,0.0,0.0,0.0,0.7
19.016666666666666,0.0,0.0,0.0,0.7
19.03333333333333,0.0,0.0,0.0,0.7
19.05,0.0,0.0,0.0,0.7
19.066666666666666,0.0,0.0,0.0,0.7
19.083333333333332,0.0,0.0,0.0,0.7
19.1,0.0,0.0,0.0,0.7
19.116666666666667,0.0,0.0,0.0,0.7
19.133333333333333,0.0,0.0,0.0,0.7
19.15,0.0,0.0,0.0,0.7
19.166666666666668,0.0,0.0,0.0,0.7
19.183333333333334,0.0,0.0,0.0,0.7
19.2,0.0,0.0,0.0,0.7
19.216666666666665,0.0,0.0,0.0,0.7
19.233333333333334,0.0,0.0,0.0,0.7
19.25,0.0,0.0,0.0,0.7
19.266666666666666,0.0,0.0,0.0,0.7
19.28333333333333,0.0,0.0,0.0,0.7
19.3,0.0,0.0,0.0,0.7
19.316666666666666,0.0,0.0,0.0,0.7
19.333333333333332,0.0,0.0,0.0,0.7
19.35,0.0,0.0,0.0,0.7
19.366666666666667,0.0,0.0,0.0,0.7
19.383333333333333,0.0,0.0,0.0,0.7
19.4,0.0,0.0,0.0,0.7
19.416666666666668,0.0,0.0,0.0,0.7
19.433333333333334,0.0,0.0,0.0,0.7
19.45,0.0,0.0,0.0,0.7
19.466666666666665,0.0,0.0,0.0,0.7
19.483333333333334,0.0,0.0,0.0,0.7
19.5,0.0,0.0,0.0,0.7
19.516666666666666,0.0,0.0,0.0,0.7
19.53333333333333,0.0,0.0,0.0,0.7
19.55,0.0,0.0,0.0,0.7
19.566666666666666,0.0,0.0,0.0,0.7
19.583333333333332,0.0,0.0,0.0,0.7
19.6,0.0,0.0,0.0,0.7
19.616666666666667,0.0,0.0,0.0,0.7
19.633333333333333,0.0,0.0,0.0,0.7
19.65,0.0,0.0,0.0,0.7
19.666666666666668,0.0,0.0,0.0,0.7
19.683333333333334,0.0,0.0,0.0,0.7
19.7,0.0,0.0,0.0,0.7
19.716666666666665,0.0,0.0,0.0,0.7
19.733333333333334,0.0,0.0,0.0,0.7
19.75,0.0,0.0,0.0,0.7
19.766666666666666,0.0,0.0,0.0,0.7
19.78333333333333,0.0,0.0,0.0,0.7
19.8,0.0,0.0,0.0,0.7
19.816666666666666,0.0,0.0,0.0,0.7
19.833333333333332,0.0,0.0,0.0,0.7
19.85,0.0,0.0,0.0,0.7
19.866666666666667,0.0,0.0,0.0,0.7
19.883333333333333,0.0,0.0,0.0,0.7
19.9,0.0,0.0,0.0,0.7
19.916666666666668,0.0,0.0,0.0,0.7
19.933333333333334,0.0,0.0,0.0,0.7
19.95,0.0,0.0,0.0,0.7
19.966666666666665,0.0,0.0,0.0,0.7
19.983333333333334,0.0,0.0,0.0,0.7
20.0,0.0,0.0,0.0,0.7
20.016666666666666,0.0,0.0,0.0,0.7
20.03333333333333,0.0,0.0,0.0,0.7
20.05,0.0,0.0,0.0,0.7
20.066666666666666,0.0,0.0,0.0,0.7
20.083333333333332,0.0,0.0,0.0,0.7
20.1,0.0,0.0,0.0,0.7
20.116666666666667,0.0,0.0,0.0,0.7
20.133333333333333,0.0,0.0,0.0,0.7
20.15,0.0,0.0,0.0,0.7
20.166666666666668,0.0,0.0,0.0,0.7
20.183333333333334,0.0,0.0,0.0,0.7
20.2,0.0,0.0,0.0,0.7
20.216666666666665,0.0,0.0,0.0,0.7
20.233333333333334,0.0,0.0,0.0,0.7
20.25,0.0,0.0,0.0,0.7
20.266666666666666,0.0,0.0,0.0,0.7
20.28333333333333,0.0,0.0,0.0,0.7
20.3,0.0,0.0,0.0,0.7
20.316666666666666,0.0,0.0,0.0,0.7
20.333333333333332,0.0,0.0,0.0,0.7
20.35,0.0,0.0,0.0,0.7
20.366666666666667,0.0,0.0,0.0,0.7
20.383333333333333,0.0,0.0,0.0,0.7
20.4,0.0,0.0,0.0,0.7
20.416666666666668,0.0,0.0,0.0,0.7
20.433333333333334,0.0,0.0,0.0,0.7
20.45,0.0,0.0,0.0,0.7
20.466666666666665,0.0,0.0,0.0,0.7
20.483333333333334,0.0,0.0,0.0,0.7
20.5,0.0,0.0,0.0,0.7
20.516666666666666,0.0,0.0,0.0,0.7
20.53333333333333,0.0,0.0,0.0,0.7
20.55,0.0,0.0,0.0,0.7
20.566666666666666,0.0,0.0,0.0,0.7
20.583333333333332,0.0,0.0,0.0,0.7
20.6,0.0,0.0,0.0,0.7
20.616666666666667,0.0,0.0,0.0,0.7
20.633333333333333,0.0,0.0,0.0,0.7
20.65,0.0,0.0,0.0,0.7
20.666666666666668,0.0,0.0,0.0,0.7
20.683333333333334,0.0,0.0,0.0,0.7
20.7,0.0,0.0,0.0,0.7
20.716666666666665,0.0,0.0,0.0,0.7
20.733333333333334,0.0,0.0,0.0,0.7
20.75,0.0,0.0,0.0,0.7
20.766666666666666,0.0,0.0,0.0,0.7
20.78333333333333,0.0,0.0,0.0,0.7
20.8,0.0,0.0,0.0,0.7
20.816666666666666,0.0,0.0,0.0,0.7
20.833333333333332,0.0,0.0,0.0,0.7
20.85,0.0,0.0,0.0,0.7
20.866666666666667,0.0,0.0,0.0,0.7
20.883333333333333,0.0,0.0,0.0,0.7
20.9,0.0,0.0,0.0,0.7
20.916666666666668,0.0,0.0,0.0,0.7
20.933333333333334,0.0,0.0,0.0,0.7
20.95,0.0,0.0,0.0,0.7
20.966666666666665,0.0,0.0,0.0,0.7
20.983333333333334,0.0,0.0,0.0,0.7
21.0,0.0,0.0,0.0,0.7
21.016666666666666,0.0,0.0,0.0,0.7
21.03333333333333,0.0,0.0,0.0,0.7
21.05,0.0,0.0,0.0,0.7
21.066666666666666,0.0,0.0,0.0,0.7
21.083333333333332,0.0,0.0,0.0,0.7
21.1,0.0,0.0,0.0,0.7
21.116666666666667,0.0,0.0,0.0,0.7
21.133333333333333,0.0,0.0,0.0,0.7
21.15,0.0,0.0,0.0,0.7
21.166666666666668,0.0,0.0,0.0,0.7
21.183333333333334,0.0,0.0,0.0,0.7
21.2,0.0,0.0,0.0,0.7
21.216666666666665,0.0,0.0,0.0,0.7
21.233333333333334,0.0,0.0,0.0,0.7
21.25,0.0,0.0,0.0,0.7
21.266666666666666,0.0,0.0,0.0,0.7
21.28333333333333,0.0,0.0,0.0,0.7
21.3,0.0,0.0,0.0,0.7
21.316666666666666,0.0,0.0,0.0,0.7
21.333333333333332,0.0,0.0,0.0,0.7
21.35,0.0,0.0,0.0,0.7
21.366666666666667,0.0,0.0,0.0,0.7
21.383333333333333,0.0,0.0,0.0,0.7
21.4,0.0,0.0,0.0,0.7
21.416666666666668,0.0,0.0,0.0,0.7
21.433333333333334,0.0,0.0,0.0,0.7
21.45,0.0,0.0,0.0,0.7
21.466666666666665,0.0,0.0,0.0,0.7
21.483333333333334,0.0,0.0,0.0,0.7
21.5,0.0,0.0,0.0,0.7
21.516666666666666,0.0,0.0,0.0,0.7
21.53333333333333,0.0,0.0,0.0,0.7
21.55,0.0,0.0,0.0,0.7
21.566666666666666,0.0,0.0,0.0,0.7
21.583333333333332,0.0,0.0,0.0,0.7
21.6,0.0,0.0,0.0,0.7
21.616666666666667,0.0,0.0,0.0,0.7
21.633333333333333,0.0,0.0,0.0,0.7
21.65,0.0,0.0,0.0,0.7
21.666666666666668,0.0,0.0,0.0,0.7
21.683333333333334,0.0,0.0,0.0,0.7
21.7,0.0,0.0,0.0,0.7
21.716666666666665,0.0,0.0,0.0,0.7
21.733333333333334,0.0,0.0,0.0,0.7
21.75,0.0,0.0,0.0,0.7
21.766666666666666,0.0,0.0,0.0,0.7
21.78333333333333,0.0,0.0,0.0,0.7
21.8,0.0,0.0,0.0,0.7
21.816666666666666,0.0,0.0,0.0,0.7
21.833333333333332,0.0,0.0,0.0,0.7
21.85,0.0,0.0,0.0,0.7
21.866666666666667,0.0,0.0,0.0,0.7
21.883333333333333,0.0,0.0,0.0,0.7
21.9,0.0,0.0,0.0,0.7
21.916666666666668,0.0,0.0,0.0,0.7
21.933333333333334,0.0,0.0,0.0,0.7
21.95,0.0,0.0,0.0,0.7
21.966666666666665,0.0,0.0,0.0,0.7
21.983333333333334,0.0,0.0,0.0,0.7
22.0,0.0,0.0,0.0,0.7
22.016666666666666,0.0,0.0,0.0,0.7
22.03333333333333,0.0,0.0,0.0,0.7
22.05,0.0,0.0,0.0,0.7
22.066666666666666,0.0,0.0,0.0,0.7
22.083333333333332,0.0,0.0,0.0,0.7
22.1,0.0,0.0,0.0,0.7
22.116666666666667,0.0,0.0,0.0,0.7
22.133333333333333,0.0,0.0,0.0,0.7
22.15,0.0,0.0,0.0,0.7
22.166666666666668,0.0,0.0,0.0,0.7
22.183333333333334,0.0,0.0,0.0,0.7
22.2,0.0,0.0,0.0,0.7
22.216666666666665,0.0,0.0,0.0,0.7
22.233333333333334,0.0,0.0,0.0,0.7
22.25,0.0,0.0,0.0,0.7
22.266666666666666,0.0,0.0,0.0,0.7
22.28333333333333,0.0,0.0,0.0,0.7
22.3,0.0,0.0,0.0,0.7
22.316666666666666,0.0,0.0,0.0,0.7
22.333333333333332,0.0,0.0,0.0,0.7
22.35,0.0,0.0,0.0,0.7
22.366666666666667,0.0,0.0,0.0,0.7
22.383333333333333,0.0,0.0,0.0,0.7
22.4,0.0,0.0,0.0,0.7
22.416666666666668,0.0,0.0,0.0,0.7
22.433333333333334,0.0,0.0,0.0,0.7
22.45,0.0,0.0,0.0,0.7
22.466666666666665,0.0,0.0,0.0,0.7
22.483333333333334,0.0,0.0,0.0,0.7
22.5,0.0,0.0,0.0,0.7
22.516666666666666,0.0,0.0,0.0,0.7
22.53333333333333,0.0,0.0,0.0,0.7
22.55,0.0,0.0,0.0,0.7
22.566666666666666,0.0,0.0,0.0,0.7
22.583333333333332,0.0,0.0,0.0,0.7
22.6,0.0,0.0,0.0,0.7
22.616666666666667,0.0,0.0,0.0,0.7
22.633333333333333,0.0,0.0,0.0,0.7
22.65,0.0,0.0,0.0,0.7
22.666666666666668,0.0,0.0,0.0,0.7
22.683333333333334,0.0,0.0,0.0,0.7
22.7,0.0,0.0,0.0,0.7
22.716666666666665,0.0,0.0,0.0,0.7
22.733333333333334,0.0,0.0,0.0,0.7
22.75,0.0,0.0,0.0,0.7
22.766666666666666,0.0,0.0,0.0,0.7
22.78333333333333,0.0,0.0,0.0,0.7
22.8,0.0,0.0,0.0,0.7
22.816666666666666,0.0,0.0,0.0,0.7
22.833333333333332,0.0,0.0,0.0,0.7
22.85,0.0,0.0,0.0,0.7
22.866666666666667,0.0,0.0,0.0,0.7
22.883333333333333,0.0,0.0,0.0,0.7
22.9,0.0,0.0,0.0,0.7
22.916666666666668,0.0,0.0,0.0,0.7
22.933333333333334,0.0,0.0,0.0,0.7
22.95,0.0,0.0,0.0,0.7
22.966666666666665,0.0,0.0,0.0,0.7
22.983333333333334,0.0,0.0,0.0,0.7
23.0,0.0,0.0,0.0,0.7
23.016666666666666,0.0,0.0,0.0,0.7
23.03333333333333,0.0,0.0,0.0,0.7
23.05,0.0,0.0,0.0,0.7
23.066666666666666,0.0,0.0,0.0,0.7
23.083333333333332,0.0,0.0,0.0,0.7
23.1,0.0,0.0,0.0,0.7
23.116666666666667,0.0,0.0,0.0,0.7
23.133333333333333,0.0,0.0,0.0,0.7
23.15,0.0,0.0,0.0,0.7
23.166666666666668,0.0,0.0,0.0,0.7
23.183333333333334,0.0,0.0,0.0,0.7
23.2,0.0,0.0,0.0,0.7
23.216666666666665,0.0,0.0,0.0,0.7
23.233333333333334,0.0,0.0,0.0,0.7
23.25,0.0,0.0,0.0,0.7
23.266666666666666,0.0,0.0,0.0,0.7
23.28333333333333,0.0,0.0,0.0,0.7
23.3,0.0,0.0,0.0,0.7
23.316666666666666,0.0,0.0,0.0,0.7
23.333333333333332,0.0,0.0,0.0,0.7
23.35,0.0,0.0,0.0,0.7
23.366666666666667,0.0,0.0,0.0,0.7
23.383333333333333,0.0,0.0,0.0,0.7
23.4,0.0,0.0,0.0,0.7
23.416666666666668,0.0,0.0,0.0,0.7
23.433333333333334,0.0,0.0,0.0,0.7
23.45,0.0,0.0,0.0,0.7
23.466666666666665,0.0,0.0,0.0,0.7
23.483333333333334,0.0,0.0,0.0,0.7
23.5,0.0,0.0,0.0,0.7
23.516666666666666,0.0,0.0,0.0,0.7
23.53333333333333,0.0,0.0,0.0,0.7
23.55,0.0,0.0,0.0,0.7
23.566666666666666,0.0,0.0,0.0,0.7
23.583333333333332,0.0,0.0,0.0,0.7
23.6,0.0,0.0,0.0,0.7
23.616666666666667,0.0,0.0,0.0,0.7
23.633333333333333,0.0,0.0,0.0,0.7
23.65,0.0,0.0,0.0,0.7
23.666666666666668,0.0,0.0,0.0,0.7
23.683333333333334,0.0,0.0,0.0,0.7
23.7,0.0,0.0,0.0,0.7
23.716666666666665,0.0,0.0,0.0,0.7
23.733333333333334,0.0,0.0,0.0,0.7
23.75,0.0,0.0,0.0,0.7
23.766666666666666,0.0,0.0,0.0,0.7
23.78333333333333,0.0,0.0,0.0,0.7
23.8,0.0,0.0,0.0,0.7
23.816666666666666,0.0,0.0,0.0,0.7
23.833333333333332,0.0,0.0,0.0,0.7
23.85,0.0,0.0,0.0,0.7
23.866666666666667,0.0,0.0,0.0,0.7
23.883333333333333,0.0,0.0,0.0,0.7
23.9,0.0,0.0,0.0,0.7
23.916666666666668,0.0,0.0,0.0,0.7
23.933333333333334,0.0,0.0,0.0,0.7
23.95,0.0,0.0,0.0,0.7
23.966666666666665,0.0,0.0,0.0,0.7
23.983333333333334,0.0,0.0,0.0,0.7
